Automated commit on Sun Feb  9 16:32:20 UTC 2025
Automated commit on Mon Feb 10 03:01:15 UTC 2025
Automated commit on Tue Feb 11 03:00:20 UTC 2025
Automated commit on Wed Feb 12 02:59:11 UTC 2025
Automated commit on Thu Feb 13 03:00:06 UTC 2025
Automated commit on Fri Feb 14 02:59:40 UTC 2025
Automated commit on Sat Feb 15 02:59:07 UTC 2025
Automated commit on Sun Feb 16 03:04:10 UTC 2025
Automated commit on Mon Feb 17 03:03:27 UTC 2025
Automated commit on Tue Feb 18 02:59:02 UTC 2025
Automated commit on Wed Feb 19 03:00:37 UTC 2025
Automated commit on Thu Feb 20 03:01:05 UTC 2025
Automated commit on Fri Feb 21 03:01:31 UTC 2025
Automated commit on Sat Feb 22 02:58:34 UTC 2025
Automated commit on Sun Feb 23 03:04:45 UTC 2025
Automated commit on Mon Feb 24 03:05:16 UTC 2025
Automated commit on Tue Feb 25 03:04:27 UTC 2025
Automated commit on Wed Feb 26 03:03:43 UTC 2025
Automated commit on Thu Feb 27 03:04:42 UTC 2025
Automated commit on Fri Feb 28 03:05:09 UTC 2025
Automated commit on Sat Mar  1 03:09:29 UTC 2025
Automated commit on Sun Mar  2 03:07:05 UTC 2025
Automated commit on Mon Mar  3 03:07:07 UTC 2025
Automated commit on Tue Mar  4 03:07:00 UTC 2025
Automated commit on Wed Mar  5 03:05:54 UTC 2025
Automated commit on Thu Mar  6 03:06:38 UTC 2025
Automated commit on Fri Mar  7 03:07:25 UTC 2025
Automated commit on Sat Mar  8 02:44:22 UTC 2025
Automated commit on Sun Mar  9 02:47:29 UTC 2025
Automated commit on Mon Mar 10 02:47:15 UTC 2025
Automated commit on Tue Mar 11 03:07:36 UTC 2025
Automated commit on Wed Mar 12 03:06:29 UTC 2025
Automated commit on Thu Mar 13 03:08:23 UTC 2025
Automated commit on Fri Mar 14 03:06:27 UTC 2025
Automated commit on Sat Mar 15 03:04:46 UTC 2025
Automated commit on Sun Mar 16 03:11:24 UTC 2025
Automated commit on Mon Mar 17 03:10:34 UTC 2025
Automated commit on Tue Mar 18 03:09:52 UTC 2025
Automated commit on Wed Mar 19 03:09:08 UTC 2025
Automated commit on Thu Mar 20 03:07:58 UTC 2025
Automated commit on Fri Mar 21 03:09:56 UTC 2025
Automated commit on Sat Mar 22 03:09:16 UTC 2025
Automated commit on Sun Mar 23 03:20:53 UTC 2025
Automated commit on Mon Mar 24 03:22:09 UTC 2025
Automated commit on Tue Mar 25 03:11:11 UTC 2025
Automated commit on Wed Mar 26 03:09:57 UTC 2025
Automated commit on Thu Mar 27 03:10:58 UTC 2025
Automated commit on Fri Mar 28 03:12:17 UTC 2025
Automated commit on Sat Mar 29 03:09:11 UTC 2025
Automated commit on Sun Mar 30 03:24:32 UTC 2025
Automated commit on Mon Mar 31 03:24:57 UTC 2025
Automated commit on Tue Apr  1 03:29:47 UTC 2025
Automated commit on Wed Apr  2 03:12:30 UTC 2025
Automated commit on Thu Apr  3 03:11:55 UTC 2025
Automated commit on Fri Apr  4 03:11:21 UTC 2025
Automated commit on Sat Apr  5 03:09:51 UTC 2025
Automated commit on Sun Apr  6 03:22:01 UTC 2025
Automated commit on Mon Apr  7 03:23:22 UTC 2025
Automated commit on Tue Apr  8 03:12:03 UTC 2025
Automated commit on Wed Apr  9 03:20:42 UTC 2025
Automated commit on Thu Apr 10 03:21:08 UTC 2025
Automated commit on Fri Apr 11 03:21:14 UTC 2025
Automated commit on Sat Apr 12 03:10:56 UTC 2025
Automated commit on Sun Apr 13 04:16:25 UTC 2025
Automated commit on Mon Apr 14 03:26:08 UTC 2025
Automated commit on Tue Apr 15 03:25:35 UTC 2025
Automated commit on Wed Apr 16 03:24:21 UTC 2025
Automated commit on Thu Apr 17 03:23:14 UTC 2025
Automated commit on Fri Apr 18 03:12:57 UTC 2025
Automated commit on Sat Apr 19 03:09:20 UTC 2025
Automated commit on Sun Apr 20 03:25:30 UTC 2025
Automated commit on Mon Apr 21 03:27:44 UTC 2025
Automated commit on Tue Apr 22 03:23:18 UTC 2025
Automated commit on Wed Apr 23 03:23:56 UTC 2025
Automated commit on Thu Apr 24 03:26:00 UTC 2025
Automated commit on Fri Apr 25 03:25:16 UTC 2025
Automated commit on Sat Apr 26 03:12:04 UTC 2025
Automated commit on Sun Apr 27 03:25:29 UTC 2025
Automated commit on Mon Apr 28 03:27:59 UTC 2025
Automated commit on Tue Apr 29 03:25:36 UTC 2025
Automated commit on Wed Apr 30 03:25:32 UTC 2025
Automated commit on Thu May  1 03:32:45 UTC 2025
Automated commit on Fri May  2 03:28:06 UTC 2025
Automated commit on Sat May  3 03:23:55 UTC 2025
Automated commit on Sun May  4 03:31:02 UTC 2025
Automated commit on Mon May  5 03:29:34 UTC 2025
Automated commit on Tue May  6 03:27:10 UTC 2025
Automated commit on Wed May  7 03:28:01 UTC 2025
Automated commit on Thu May  8 03:29:03 UTC 2025
Automated commit on Fri May  9 03:28:17 UTC 2025
Automated commit on Sat May 10 03:24:20 UTC 2025
Automated commit on Sun May 11 03:29:23 UTC 2025
Automated commit on Mon May 12 03:30:37 UTC 2025
Automated commit on Tue May 13 03:29:37 UTC 2025
Automated commit on Wed May 14 03:28:33 UTC 2025
Automated commit on Thu May 15 03:29:02 UTC 2025
Automated commit on Fri May 16 03:30:15 UTC 2025
Automated commit on Sat May 17 03:26:29 UTC 2025
Automated commit on Sun May 18 03:32:21 UTC 2025
Automated commit on Mon May 19 03:34:09 UTC 2025
Automated commit on Tue May 20 03:29:46 UTC 2025
Automated commit on Wed May 21 03:29:11 UTC 2025
Automated commit on Thu May 22 03:29:42 UTC 2025
Automated commit on Fri May 23 03:29:30 UTC 2025
Automated commit on Sat May 24 03:26:00 UTC 2025
Automated commit on Sun May 25 03:34:09 UTC 2025
Automated commit on Mon May 26 03:32:59 UTC 2025
Automated commit on Tue May 27 03:29:33 UTC 2025
Automated commit on Wed May 28 03:30:51 UTC 2025
Automated commit on Thu May 29 03:31:55 UTC 2025
Automated commit on Fri May 30 03:30:19 UTC 2025
Automated commit on Sat May 31 03:28:27 UTC 2025
Automated commit on Sun Jun  1 03:47:40 UTC 2025
Automated commit on Mon Jun  2 03:38:01 UTC 2025
Automated commit on Tue Jun  3 03:33:07 UTC 2025
Automated commit on Wed Jun  4 03:33:56 UTC 2025
Automated commit on Thu Jun  5 03:34:02 UTC 2025
Automated commit on Fri Jun  6 03:33:41 UTC 2025
Automated commit on Sat Jun  7 03:31:12 UTC 2025
Automated commit on Sun Jun  8 03:38:46 UTC 2025
Automated commit on Mon Jun  9 03:38:20 UTC 2025
Automated commit on Tue Jun 10 03:34:59 UTC 2025
Automated commit on Wed Jun 11 03:34:30 UTC 2025
Automated commit on Thu Jun 12 03:33:57 UTC 2025
Automated commit on Fri Jun 13 03:34:49 UTC 2025
Automated commit on Sat Jun 14 03:30:29 UTC 2025
Automated commit on Sun Jun 15 03:38:26 UTC 2025
Automated commit on Mon Jun 16 03:38:48 UTC 2025
Automated commit on Tue Jun 17 03:34:32 UTC 2025
Automated commit on Wed Jun 18 03:34:17 UTC 2025
Automated commit on Thu Jun 19 03:34:28 UTC 2025
Automated commit on Fri Jun 20 03:33:49 UTC 2025
Automated commit on Sat Jun 21 03:31:40 UTC 2025
Automated commit on Sun Jun 22 03:40:09 UTC 2025
Automated commit on Mon Jun 23 03:42:09 UTC 2025
Automated commit on Tue Jun 24 03:35:22 UTC 2025
Automated commit on Wed Jun 25 03:36:48 UTC 2025
Automated commit on Thu Jun 26 03:35:41 UTC 2025
Automated commit on Fri Jun 27 03:36:08 UTC 2025
Automated commit on Sat Jun 28 03:31:31 UTC 2025
Automated commit on Sun Jun 29 03:43:44 UTC 2025
Automated commit on Mon Jun 30 03:41:28 UTC 2025
Automated commit on Tue Jul  1 03:47:10 UTC 2025
Automated commit on Wed Jul  2 03:37:16 UTC 2025
Automated commit on Thu Jul  3 03:37:46 UTC 2025
Automated commit on Fri Jul  4 03:35:14 UTC 2025
Automated commit on Sat Jul  5 03:31:36 UTC 2025
Automated commit on Sun Jul  6 03:41:57 UTC 2025
Automated commit on Mon Jul  7 03:41:44 UTC 2025
Automated commit on Tue Jul  8 03:36:57 UTC 2025
Automated commit on Wed Jul  9 03:39:39 UTC 2025
Automated commit on Thu Jul 10 03:39:22 UTC 2025
Automated commit on Fri Jul 11 03:45:55 UTC 2025
Automated commit on Sat Jul 12 03:41:14 UTC 2025
Automated commit on Sun Jul 13 03:47:38 UTC 2025
Automated commit on Mon Jul 14 03:49:48 UTC 2025
Automated commit on Tue Jul 15 03:46:44 UTC 2025
Automated commit on Wed Jul 16 03:45:20 UTC 2025
Automated commit on Thu Jul 17 03:45:06 UTC 2025
Automated commit on Fri Jul 18 03:46:46 UTC 2025
Automated commit on Sat Jul 19 03:39:37 UTC 2025
Automated commit on Sun Jul 20 03:53:18 UTC 2025
Automated commit on Mon Jul 21 03:52:35 UTC 2025
Automated commit on Tue Jul 22 03:46:49 UTC 2025
Automated commit on Wed Jul 23 03:48:14 UTC 2025
Automated commit on Thu Jul 24 03:47:27 UTC 2025
Automated commit on Fri Jul 25 03:47:11 UTC 2025
Automated commit on Sat Jul 26 03:44:28 UTC 2025
Automated commit on Sun Jul 27 03:55:09 UTC 2025
Automated commit on Mon Jul 28 03:54:27 UTC 2025
Automated commit on Tue Jul 29 03:56:56 UTC 2025
Automated commit on Wed Jul 30 03:51:35 UTC 2025
Automated commit on Thu Jul 31 03:50:40 UTC 2025
Automated commit on Fri Aug  1 04:04:29 UTC 2025
Automated commit on Sat Aug  2 03:42:51 UTC 2025
Automated commit on Sun Aug  3 03:59:02 UTC 2025
Automated commit on Mon Aug  4 04:05:25 UTC 2025
Automated commit on Tue Aug  5 03:55:51 UTC 2025
Automated commit on Wed Aug  6 03:53:01 UTC 2025
Automated commit on Thu Aug  7 03:52:49 UTC 2025
Automated commit on Fri Aug  8 03:52:24 UTC 2025
Automated commit on Sat Aug  9 03:37:16 UTC 2025
Automated commit on Sun Aug 10 03:51:41 UTC 2025
Automated commit on Mon Aug 11 03:52:09 UTC 2025
Automated commit on Tue Aug 12 03:35:54 UTC 2025
Automated commit on Wed Aug 13 03:37:39 UTC 2025
Automated commit on Thu Aug 14 03:38:20 UTC 2025
Automated commit on Fri Aug 15 03:39:11 UTC 2025
Automated commit on Sat Aug 16 03:33:02 UTC 2025
Automated commit on Sun Aug 17 03:41:50 UTC 2025
Automated commit on Mon Aug 18 03:48:16 UTC 2025
Automated commit on Tue Aug 19 03:29:10 UTC 2025
Automated commit on Wed Aug 20 03:28:05 UTC 2025
Automated commit on Thu Aug 21 03:27:35 UTC 2025
Automated commit on Fri Aug 22 03:27:50 UTC 2025
Automated commit on Sat Aug 23 03:23:07 UTC 2025
Automated commit on Sun Aug 24 03:34:30 UTC 2025
Automated commit on Mon Aug 25 03:33:53 UTC 2025
Automated commit on Tue Aug 26 03:28:50 UTC 2025
Automated commit on Wed Aug 27 03:22:52 UTC 2025
Automated commit on Thu Aug 28 03:23:14 UTC 2025
Automated commit on Fri Aug 29 03:22:41 UTC 2025
Automated commit on Sat Aug 30 03:09:46 UTC 2025
Automated commit on Sun Aug 31 03:25:19 UTC 2025
Automated commit on Mon Sep  1 03:38:41 UTC 2025
Automated commit on Tue Sep  2 03:27:00 UTC 2025
Automated commit on Wed Sep  3 03:06:49 UTC 2025
Automated commit on Thu Sep  4 03:07:30 UTC 2025
Automated commit on Fri Sep  5 03:10:26 UTC 2025
Automated commit on Sat Sep  6 03:06:24 UTC 2025
Automated commit on Sun Sep  7 03:21:36 UTC 2025
Automated commit on Mon Sep  8 03:26:38 UTC 2025
Automated commit on Tue Sep  9 03:21:22 UTC 2025
Automated commit on Wed Sep 10 03:07:06 UTC 2025
Automated commit on Thu Sep 11 03:12:07 UTC 2025
Automated commit on Fri Sep 12 03:06:39 UTC 2025
Automated commit on Sat Sep 13 03:00:45 UTC 2025
Automated commit on Sun Sep 14 03:21:23 UTC 2025
Automated commit on Mon Sep 15 03:27:44 UTC 2025
Automated commit on Tue Sep 16 03:08:22 UTC 2025
Automated commit on Wed Sep 17 03:07:21 UTC 2025
Automated commit on Thu Sep 18 03:09:25 UTC 2025
Automated commit on Fri Sep 19 03:12:35 UTC 2025
Automated commit on Sat Sep 20 03:06:48 UTC 2025
Automated commit on Sun Sep 21 03:26:32 UTC 2025
Automated commit on Mon Sep 22 03:27:09 UTC 2025
Automated commit on Tue Sep 23 03:10:19 UTC 2025
Automated commit on Wed Sep 24 03:11:26 UTC 2025
Automated commit on Thu Sep 25 03:21:47 UTC 2025
Automated commit on Fri Sep 26 03:12:05 UTC 2025
Automated commit on Sat Sep 27 03:07:17 UTC 2025
Automated commit on Sun Sep 28 03:26:41 UTC 2025
Automated commit on Mon Sep 29 03:25:27 UTC 2025
Automated commit on Tue Sep 30 03:10:43 UTC 2025
Automated commit on Wed Oct  1 03:30:35 UTC 2025
Automated commit on Thu Oct  2 03:09:10 UTC 2025
Automated commit on Fri Oct  3 03:08:24 UTC 2025
Automated commit on Sat Oct  4 03:04:28 UTC 2025
Automated commit on Sun Oct  5 03:25:01 UTC 2025
Automated commit on Mon Oct  6 03:22:31 UTC 2025
Automated commit on Tue Oct  7 03:10:03 UTC 2025
Automated commit on Wed Oct  8 03:09:51 UTC 2025
Automated commit on Thu Oct  9 03:11:57 UTC 2025
Automated commit on Fri Oct 10 03:12:40 UTC 2025
Automated commit on Sat Oct 11 03:06:19 UTC 2025
Automated commit on Sun Oct 12 03:22:13 UTC 2025
Automated commit on Mon Oct 13 03:30:20 UTC 2025
Automated commit on Tue Oct 14 03:21:32 UTC 2025
Automated commit on Wed Oct 15 03:25:22 UTC 2025
Automated commit on Thu Oct 16 03:24:48 UTC 2025
Automated commit on Fri Oct 17 03:22:28 UTC 2025
Automated commit on Sat Oct 18 03:08:00 UTC 2025
Automated commit on Sun Oct 19 03:32:57 UTC 2025
Automated commit on Mon Oct 20 03:35:03 UTC 2025
Automated commit on Tue Oct 21 03:26:55 UTC 2025
Automated commit on Wed Oct 22 03:31:06 UTC 2025
Automated commit on Thu Oct 23 03:24:45 UTC 2025
Automated commit on Fri Oct 24 03:21:31 UTC 2025
Automated commit on Sat Oct 25 03:23:09 UTC 2025
Automated commit on Sun Oct 26 03:28:39 UTC 2025
Automated commit on Mon Oct 27 03:38:54 UTC 2025
Automated commit on Tue Oct 28 03:28:45 UTC 2025
Automated commit on Wed Oct 29 03:34:56 UTC 2025
Automated commit on Thu Oct 30 03:30:55 UTC 2025
Automated commit on Fri Oct 31 03:31:26 UTC 2025
Automated commit on Sat Nov  1 03:30:34 UTC 2025
Automated commit on Sun Nov  2 03:32:59 UTC 2025
Automated commit on Mon Nov  3 03:37:34 UTC 2025
Automated commit on Tue Nov  4 03:30:17 UTC 2025
Automated commit on Wed Nov  5 03:31:27 UTC 2025
Automated commit on Thu Nov  6 03:34:53 UTC 2025
Automated commit on Fri Nov  7 03:31:19 UTC 2025
Automated commit on Sat Nov  8 03:23:37 UTC 2025
Automated commit on Sun Nov  9 03:31:16 UTC 2025
Automated commit on Mon Nov 10 03:38:18 UTC 2025
Automated commit on Tue Nov 11 03:33:22 UTC 2025
Automated commit on Wed Nov 12 03:32:27 UTC 2025
Automated commit on Thu Nov 13 03:34:29 UTC 2025
Automated commit on Fri Nov 14 03:33:06 UTC 2025
Automated commit on Sat Nov 15 03:27:46 UTC 2025
Automated commit on Sun Nov 16 03:36:13 UTC 2025
Automated commit on Mon Nov 17 03:36:31 UTC 2025
Automated commit on Tue Nov 18 03:32:34 UTC 2025
Automated commit on Wed Nov 19 03:32:11 UTC 2025
Automated commit on Thu Nov 20 03:31:02 UTC 2025
Automated commit on Fri Nov 21 03:31:04 UTC 2025
Automated commit on Sat Nov 22 03:26:09 UTC 2025
Automated commit on Sun Nov 23 03:44:55 UTC 2025
Automated commit on Mon Nov 24 03:44:02 UTC 2025
Automated commit on Tue Nov 25 03:35:33 UTC 2025
Automated commit on Wed Nov 26 03:35:34 UTC 2025
Automated commit on Thu Nov 27 03:32:47 UTC 2025
Automated commit on Fri Nov 28 03:32:25 UTC 2025
Automated commit on Sat Nov 29 03:32:18 UTC 2025
Automated commit on Sun Nov 30 03:45:00 UTC 2025
Automated commit on Mon Dec  1 04:01:15 UTC 2025
Automated commit on Tue Dec  2 03:39:49 UTC 2025
Automated commit on Wed Dec  3 03:38:27 UTC 2025
Automated commit on Thu Dec  4 03:40:36 UTC 2025
Automated commit on Fri Dec  5 03:39:15 UTC 2025
Automated commit on Sat Dec  6 03:30:26 UTC 2025
Automated commit on Sun Dec  7 03:45:02 UTC 2025
Automated commit on Mon Dec  8 03:42:52 UTC 2025
Automated commit on Tue Dec  9 03:38:50 UTC 2025
Automated commit on Wed Dec 10 03:43:21 UTC 2025
Automated commit on Thu Dec 11 03:44:36 UTC 2025
Automated commit on Fri Dec 12 03:44:43 UTC 2025
Automated commit on Sat Dec 13 03:36:09 UTC 2025
Automated commit on Sun Dec 14 03:47:20 UTC 2025
Automated commit on Mon Dec 15 03:52:29 UTC 2025
Automated commit on Tue Dec 16 03:45:18 UTC 2025
Automated commit on Wed Dec 17 03:41:58 UTC 2025
Automated commit on Thu Dec 18 03:43:08 UTC 2025
Automated commit on Fri Dec 19 03:44:12 UTC 2025
Automated commit on Sat Dec 20 03:36:00 UTC 2025
Automated commit on Sun Dec 21 03:47:47 UTC 2025
Automated commit on Mon Dec 22 03:52:40 UTC 2025
Automated commit on Tue Dec 23 03:47:03 UTC 2025
Automated commit on Wed Dec 24 03:45:02 UTC 2025
Automated commit on Thu Dec 25 03:47:00 UTC 2025
Automated commit on Fri Dec 26 03:45:18 UTC 2025
Automated commit on Sat Dec 27 03:43:32 UTC 2025
Automated commit on Sun Dec 28 03:56:44 UTC 2025
Automated commit on Mon Dec 29 03:59:14 UTC 2025
Automated commit on Tue Dec 30 03:48:10 UTC 2025
Automated commit on Wed Dec 31 03:47:27 UTC 2025
Automated commit on Thu Jan  1 03:59:41 UTC 2026
Automated commit on Fri Jan  2 03:51:05 UTC 2026
Automated commit on Sat Jan  3 03:42:53 UTC 2026
Automated commit on Sun Jan  4 04:00:43 UTC 2026
Automated commit on Mon Jan  5 04:06:28 UTC 2026
Automated commit on Tue Jan  6 03:49:19 UTC 2026
Automated commit on Wed Jan  7 03:49:44 UTC 2026
Automated commit on Thu Jan  8 03:49:43 UTC 2026
Automated commit on Fri Jan  9 03:49:58 UTC 2026
Automated commit on Sat Jan 10 03:44:09 UTC 2026
Automated commit on Sun Jan 11 03:59:40 UTC 2026
Automated commit on Mon Jan 12 03:59:43 UTC 2026
Automated commit on Tue Jan 13 03:49:55 UTC 2026
Automated commit on Wed Jan 14 03:57:14 UTC 2026
Automated commit on Thu Jan 15 03:52:28 UTC 2026
Automated commit on Fri Jan 16 03:49:34 UTC 2026
Automated commit on Sat Jan 17 03:43:04 UTC 2026
Automated commit on Sun Jan 18 03:54:55 UTC 2026
Automated commit on Mon Jan 19 04:01:21 UTC 2026
Automated commit on Tue Jan 20 03:54:36 UTC 2026
Automated commit on Wed Jan 21 03:53:49 UTC 2026
Automated commit on Thu Jan 22 03:57:50 UTC 2026
Automated commit on Fri Jan 23 03:52:44 UTC 2026
Automated commit on Sat Jan 24 03:46:54 UTC 2026
Automated commit on Sun Jan 25 04:04:27 UTC 2026
Automated commit on Mon Jan 26 04:07:08 UTC 2026
Automated commit on Tue Jan 27 03:56:52 UTC 2026
Automated commit on Wed Jan 28 03:54:45 UTC 2026
Automated commit on Thu Jan 29 04:17:04 UTC 2026
Automated commit on Fri Jan 30 04:20:09 UTC 2026
Automated commit on Sat Jan 31 04:14:43 UTC 2026
Automated commit on Sun Feb  1 04:39:41 UTC 2026
Automated commit on Mon Feb  2 04:35:27 UTC 2026
Automated commit on Tue Feb  3 04:25:45 UTC 2026
Automated commit on Wed Feb  4 04:19:06 UTC 2026
Automated commit on Thu Feb  5 04:25:53 UTC 2026
